fever,cough,fatigue,headache,sore_throat,runny_nose,body_ache,chills,nausea,vomiting,diarrhea,abdominal_pain,loss_of_taste,shortness_of_breath,joint_pain,skin_rash,dizziness,chest_pain,sneezing,sweating,disease
1,0,1,1,0,0,0,1,1,0,0,0,0,0,0,0,0,0,0,1,Malaria
1,0,0,0,0,0,0,0,1,1,1,1,0,0,0,0,0,0,0,0,Gastroenteritis
1,1,1,0,0,0,0,1,0,0,0,0,0,1,0,0,0,1,0,0,Pneumonia
1,1,1,1,0,0,1,1,0,0,0,0,0,0,0,0,0,0,0,0,Influenza (Flu)
0,1,1,1,1,1,0,0,0,0,0,0,0,0,0,0,0,0,1,0,Common Cold
1,0,0,0,0,0,0,0,1,1,1,1,0,0,0,0,0,0,0,0,Gastroenteritis
1,0,1,1,0,0,0,0,1,0,1,1,0,0,0,0,0,0,0,0,Typhoid
1,1,1,0,0,0,0,1,0,0,0,0,0,1,0,0,0,1,0,0,Pneumonia
1,1,1,1,0,0,1,1,0,0,0,0,0,0,0,0,0,0,0,0,Influenza (Flu)
1,0,0,1,0,0,1,0,1,0,0,0,0,0,1,1,0,0,0,0,Dengue
1,1,1,1,0,0,1,1,0,0,0,0,0,0,0,0,0,0,0,0,Influenza (Flu)
1,0,1,1,0,0,0,1,1,0,0,0,0,1,0,0,0,0,0,1,Malaria
0,0,0,0,0,0,0,0,1,1,1,1,0,0,0,0,0,0,0,1,Food Poisoning
1,0,1,1,0,0,0,0,1,0,1,1,0,0,0,0,0,0,0,0,Typhoid
1,1,1,0,1,0,0,0,0,0,1,0,1,1,0,0,0,0,0,0,COVID-19
1,1,1,1,0,0,1,1,0,0,0,1,0,0,0,0,0,0,0,0,Influenza (Flu)
0,1,0,1,1,1,0,0,0,0,0,0,0,0,0,0,0,0,1,0,Common Cold
1,0,1,1,0,0,0,0,0,0,1,1,0,0,0,1,0,0,0,0,Typhoid
1,0,0,1,0,0,1,1,1,0,0,0,0,0,1,1,0,0,0,0,Dengue
1,0,1,1,0,0,0,1,1,0,0,0,0,0,0,0,0,0,0,1,Malaria
1,1,0,0,0,0,0,1,0,0,1,0,0,1,0,0,0,1,0,0,Pneumonia
1,0,1,0,0,0,0,1,0,0,0,0,0,1,0,0,0,1,0,0,Pneumonia
1,1,1,1,0,0,1,1,0,0,0,0,0,0,0,0,0,0,0,0,Influenza (Flu)
1,0,0,0,0,0,0,0,1,0,1,1,0,0,0,0,0,0,0,0,Gastroenteritis
0,0,0,0,0,0,0,1,1,1,1,1,0,0,0,0,0,0,0,1,Food Poisoning
1,0,0,1,0,0,1,0,1,0,0,0,0,0,1,1,0,0,0,0,Dengue
1,0,0,0,0,0,0,0,1,0,1,1,0,0,0,0,0,0,0,1,Gastroenteritis
0,1,0,1,1,1,0,0,0,0,0,0,0,0,0,0,0,0,1,0,Common Cold
1,0,1,1,1,0,0,1,1,0,0,0,0,0,0,0,0,0,0,1,Malaria
1,0,1,1,0,0,0,1,1,0,0,0,0,0,0,0,0,0,0,1,Malaria
1,0,1,1,0,0,0,1,0,0,0,0,0,0,0,0,0,0,0,1,Malaria
0,0,0,0,0,0,0,0,1,1,1,1,0,1,0,0,0,0,0,1,Food Poisoning
0,1,0,1,1,1,0,0,0,0,0,0,0,0,0,0,0,0,1,0,Common Cold
1,0,0,0,0,0,1,0,1,1,1,1,0,0,0,0,0,0,0,0,Gastroenteritis
1,1,1,1,0,0,1,0,0,0,0,0,0,0,0,0,0,0,0,0,Influenza (Flu)
0,1,0,1,1,1,0,0,0,0,0,0,0,1,0,0,0,0,1,0,Common Cold
1,0,0,0,0,0,0,0,1,1,0,1,0,0,0,0,0,0,0,0,Gastroenteritis
0,0,0,1,0,0,0,0,1,0,0,0,0,0,0,0,1,0,0,0,Migraine
0,0,0,0,0,0,0,0,1,1,1,1,0,0,0,0,0,0,0,1,Food Poisoning
1,0,1,1,0,0,0,1,1,0,1,0,0,0,0,0,1,0,0,1,Malaria
1,0,0,1,0,0,1,0,1,0,0,0,0,0,1,1,0,0,0,0,Dengue
0,0,0,1,1,0,1,0,1,0,0,0,0,0,1,1,0,0,0,0,Dengue
0,0,1,1,0,0,0,0,1,0,0,0,0,0,0,0,1,0,0,0,Migraine
1,0,1,1,0,0,0,0,1,0,1,1,0,0,0,0,0,0,0,0,Typhoid
1,1,1,1,0,0,1,1,0,0,0,0,0,0,0,0,0,0,0,0,Influenza (Flu)
0,1,0,1,1,1,0,0,0,0,0,0,0,0,0,0,0,0,0,0,Common Cold
1,0,0,1,0,0,1,0,1,0,0,0,0,0,1,1,0,0,0,0,Dengue
1,0,0,0,0,0,0,0,0,1,1,1,0,0,0,0,0,0,0,0,Gastroenteritis
1,0,0,1,0,0,1,0,1,0,0,0,0,0,1,1,0,0,0,0,Dengue
1,0,1,0,0,0,0,1,1,0,0,0,0,0,0,0,0,0,0,1,Malaria
1,1,1,0,1,0,0,0,0,0,0,0,1,1,0,0,0,0,0,0,COVID-19
1,0,0,1,0,0,1,0,1,0,0,0,0,0,1,1,0,0,0,0,Dengue
0,0,0,0,1,0,0,0,1,1,1,1,0,0,0,0,0,0,0,1,Food Poisoning
1,1,1,0,0,0,0,1,0,0,0,0,0,1,0,0,0,1,0,0,Pneumonia
1,0,0,1,0,0,1,0,1,0,0,0,0,0,1,1,0,0,0,0,Dengue
1,1,1,1,0,0,0,1,0,0,0,0,0,1,0,0,0,1,0,0,Pneumonia
0,0,1,1,0,0,0,0,1,0,0,1,0,0,0,0,1,0,0,0,Migraine
1,1,0,1,0,0,1,0,0,1,0,0,0,0,0,0,0,0,0,0,Influenza (Flu)
0,0,1,1,0,0,0,0,1,0,0,0,0,0,0,0,1,1,0,0,Migraine
1,1,1,0,0,0,0,0,0,1,0,0,1,1,0,0,0,0,0,0,COVID-19
1,1,1,1,0,0,0,1,0,0,0,1,0,1,0,0,0,1,0,0,Pneumonia
1,0,0,0,0,0,0,0,1,1,1,1,0,0,0,0,0,0,0,0,Gastroenteritis
0,0,0,0,0,0,0,0,1,1,1,1,0,0,0,0,0,0,0,1,Food Poisoning
1,1,1,1,1,0,0,0,1,0,0,0,1,1,0,0,0,0,0,0,COVID-19
1,0,0,1,0,0,1,0,1,0,0,0,0,0,1,1,0,0,0,0,Dengue
0,0,0,0,0,0,0,0,1,1,1,0,0,0,0,0,1,0,0,1,Food Poisoning
1,0,1,1,0,0,0,1,1,0,1,0,0,0,0,0,0,0,0,1,Malaria
1,0,1,1,0,0,0,1,1,0,0,0,0,1,0,0,0,0,0,1,Malaria
1,1,1,0,1,0,1,0,0,0,0,0,1,1,0,0,0,0,0,0,COVID-19
0,0,0,0,0,0,0,0,1,0,1,1,0,0,0,0,0,0,1,1,Food Poisoning
1,1,1,0,0,0,0,1,0,0,0,0,0,1,0,0,0,1,0,0,Pneumonia
1,1,1,0,1,0,0,0,0,0,0,0,1,1,0,0,0,0,0,0,COVID-19
1,0,0,1,0,0,1,0,1,0,0,0,0,0,1,1,0,1,0,0,Dengue
0,0,0,1,0,0,1,0,1,0,0,0,0,0,1,1,0,0,0,0,Dengue
1,1,1,0,0,0,0,1,0,0,0,1,0,1,0,0,0,1,0,0,Pneumonia
1,1,1,0,0,0,1,1,0,0,0,0,0,1,0,0,0,1,0,0,Pneumonia
1,0,1,1,0,0,0,0,0,0,1,1,0,0,1,0,0,0,0,1,Typhoid
1,0,0,0,0,0,0,0,1,1,1,1,0,0,0,0,0,0,0,0,Gastroenteritis
1,1,1,0,0,0,0,0,0,0,0,0,0,1,0,0,0,1,0,0,Pneumonia
0,1,0,1,1,1,0,0,0,0,0,0,0,0,0,0,0,0,1,0,Common Cold
1,0,0,1,0,0,1,0,1,0,0,0,0,0,1,1,0,0,0,0,Dengue
1,1,1,0,0,0,0,1,0,0,1,0,0,1,0,0,0,1,0,0,Pneumonia
0,0,1,1,0,1,0,0,1,0,0,0,0,0,0,0,1,0,0,0,Migraine
1,1,1,1,0,0,0,1,1,0,0,0,0,0,0,0,0,0,0,1,Malaria
1,0,0,0,0,0,0,0,1,1,1,1,0,0,0,0,0,0,0,0,Gastroenteritis
0,1,0,1,1,1,0,0,0,0,0,0,0,0,0,0,0,0,0,0,Common Cold
0,1,0,1,1,1,0,0,0,0,0,0,0,0,0,0,0,0,1,0,Common Cold
1,1,1,0,1,0,0,0,0,0,0,0,1,1,0,0,0,0,0,0,COVID-19
1,0,0,1,0,0,1,0,0,1,1,0,0,0,1,0,0,0,0,0,Dengue
0,1,0,1,1,1,0,0,0,0,0,0,0,0,0,0,0,0,1,0,Common Cold
0,1,0,1,0,0,1,1,0,0,0,0,0,0,0,0,0,0,0,0,Influenza (Flu)
1,1,0,1,1,1,0,0,0,0,0,0,0,0,0,0,0,0,1,0,Common Cold
1,0,0,1,0,0,1,0,1,0,0,0,0,0,1,1,0,0,0,0,Dengue
1,1,1,0,0,0,0,1,0,0,0,0,0,1,0,0,0,1,0,0,Pneumonia
1,1,1,1,0,0,1,1,0,0,0,0,0,0,0,0,0,0,0,0,Influenza (Flu)
1,1,1,1,0,0,1,1,0,0,0,0,1,0,0,0,0,0,0,0,Influenza (Flu)
0,0,1,1,0,0,0,0,1,0,0,0,0,0,0,0,1,0,0,0,Migraine
1,0,1,0,0,0,0,0,1,0,1,1,0,0,0,0,0,0,0,0,Typhoid
1,1,1,1,0,0,1,1,0,0,0,0,0,0,0,0,0,0,0,0,Influenza (Flu)
1,1,1,0,1,0,0,0,0,0,0,0,1,1,0,0,0,0,0,0,COVID-19
0,0,0,0,0,0,0,0,1,1,1,1,0,0,0,0,0,0,0,1,Food Poisoning
0,0,1,1,0,0,0,0,1,0,0,0,0,0,0,0,1,0,0,0,Migraine
0,0,0,0,0,0,0,0,1,1,0,1,0,0,0,0,0,0,0,1,Food Poisoning
1,1,0,1,0,0,1,1,0,0,0,0,0,1,0,0,0,0,0,0,Influenza (Flu)
0,0,1,1,0,0,0,0,1,0,0,0,0,0,0,0,1,0,0,0,Migraine
1,0,1,1,0,0,0,0,1,0,1,1,0,0,0,0,0,0,0,0,Typhoid
1,0,0,1,0,0,1,0,1,0,0,0,0,0,1,1,0,0,0,0,Dengue
1,0,0,0,0,0,0,0,1,1,1,1,0,0,0,0,0,0,0,0,Gastroenteritis
1,0,1,1,0,0,0,0,1,0,1,1,0,0,0,0,0,0,0,0,Typhoid
1,1,1,0,1,0,0,0,0,0,0,0,1,1,0,0,0,0,0,0,COVID-19
0,1,1,1,0,0,1,1,0,0,0,0,0,0,0,0,0,0,0,0,Influenza (Flu)
1,0,1,1,1,0,0,1,1,0,0,0,0,0,0,0,0,0,0,1,Malaria
0,0,0,0,0,0,0,0,1,0,1,1,0,0,0,0,0,0,0,1,Food Poisoning
1,1,1,0,1,0,1,0,0,0,0,0,1,1,0,0,0,0,0,0,COVID-19
1,0,0,0,0,0,0,0,1,1,1,1,0,0,0,0,0,1,0,0,Gastroenteritis
1,1,1,0,1,0,0,0,0,0,0,0,0,1,0,0,0,0,0,0,COVID-19
1,0,1,1,0,0,0,1,1,0,0,0,0,0,0,0,0,0,0,1,Malaria
1,0,0,0,0,0,0,0,1,1,1,1,0,0,0,0,0,0,0,0,Gastroenteritis
1,1,1,1,1,0,0,0,0,0,0,0,1,1,0,0,0,0,0,0,COVID-19
1,1,1,1,0,0,1,1,0,0,0,0,0,0,0,1,0,0,0,0,Influenza (Flu)
1,1,1,0,0,0,0,1,0,0,0,0,0,1,0,0,0,1,0,0,Pneumonia
0,0,0,0,0,0,0,0,1,1,1,1,0,0,1,0,0,0,0,1,Food Poisoning
1,0,0,1,0,0,1,0,1,0,0,0,0,0,1,1,1,0,0,0,Dengue
1,0,0,0,0,0,0,0,1,1,1,1,0,0,0,0,0,0,0,0,Gastroenteritis
0,0,1,1,0,0,0,0,0,0,1,1,0,0,0,0,0,0,0,0,Typhoid
1,0,0,1,0,0,1,0,1,0,0,0,0,0,1,1,0,0,0,0,Dengue
1,1,1,0,1,0,0,0,0,0,0,0,1,1,0,0,0,0,0,0,COVID-19
0,0,1,0,0,0,0,0,1,0,0,0,0,0,0,0,1,0,0,0,Migraine
0,0,1,1,0,0,0,0,1,1,0,0,0,0,0,0,0,0,0,0,Migraine
1,0,1,1,1,0,0,0,1,0,1,1,0,0,0,0,0,0,0,0,Typhoid
0,0,1,1,0,0,0,0,1,0,0,0,0,0,0,0,1,0,0,0,Migraine
0,1,0,1,1,1,0,0,1,0,0,0,0,0,1,0,0,0,1,0,Common Cold
1,0,1,1,0,0,0,1,0,0,0,0,0,0,0,0,0,0,0,1,Malaria
1,0,1,1,0,0,1,1,1,0,0,0,0,0,0,0,0,0,0,1,Malaria
1,1,1,0,0,0,0,1,0,0,0,0,0,1,0,0,0,1,0,0,Pneumonia
1,0,0,1,0,0,1,0,1,0,0,0,0,0,1,1,0,0,0,0,Dengue
0,1,0,1,0,1,0,0,0,0,0,0,0,0,0,0,0,0,1,0,Common Cold
1,0,0,0,0,0,0,0,1,1,1,1,0,0,0,0,0,0,0,0,Gastroenteritis
1,0,1,1,0,0,0,1,1,0,1,1,0,0,0,0,0,0,0,0,Typhoid
0,0,0,1,0,0,0,0,1,1,1,1,0,0,0,0,0,0,0,1,Food Poisoning
1,1,1,0,0,0,0,1,0,0,0,0,0,0,0,0,0,0,0,0,Influenza (Flu)
1,1,1,0,1,0,0,0,0,0,0,0,1,1,0,0,0,0,0,0,COVID-19
0,0,1,1,0,0,0,0,1,0,0,0,0,0,0,0,1,0,0,0,Migraine
1,1,1,0,1,0,0,0,0,1,0,0,1,1,0,0,0,0,0,0,COVID-19
0,0,1,1,0,0,0,0,1,0,0,0,0,0,0,0,1,1,0,1,Migraine
0,1,0,1,1,1,0,0,0,0,0,0,0,0,0,0,0,0,1,0,Common Cold
0,1,0,1,1,1,0,0,1,0,0,0,0,0,0,0,0,0,1,0,Common Cold
1,1,1,1,0,0,1,1,0,0,0,0,0,0,0,0,0,0,0,0,Influenza (Flu)
0,0,0,1,1,1,0,0,0,0,0,0,0,1,0,0,0,0,1,0,Common Cold
0,1,0,1,1,1,0,0,0,0,0,0,0,0,0,0,1,0,1,0,Common Cold
1,1,1,1,0,0,1,1,0,0,0,0,0,0,0,0,0,0,0,0,Influenza (Flu)
0,0,0,0,1,0,0,0,0,1,1,0,0,0,0,0,0,0,0,1,Food Poisoning
0,1,0,1,1,1,0,0,0,0,0,0,0,0,0,0,0,0,1,0,Common Cold
1,0,0,0,0,0,0,0,1,1,1,1,0,0,0,0,0,0,0,0,Gastroenteritis
1,0,1,1,0,0,0,0,1,0,1,1,0,0,0,0,0,0,0,0,Typhoid
1,0,0,0,0,0,0,0,1,1,1,1,0,0,0,0,0,0,0,0,Gastroenteritis
1,0,1,1,0,0,0,0,1,0,1,1,1,0,1,0,0,0,0,0,Typhoid
1,0,1,1,0,0,0,1,1,0,0,1,0,0,0,0,0,0,0,1,Malaria
1,0,1,0,1,0,0,0,0,0,0,0,1,1,0,0,0,0,0,0,COVID-19
1,0,1,1,0,0,0,0,1,0,1,1,0,0,0,0,0,0,0,0,Typhoid
0,1,1,0,0,0,0,1,0,0,0,0,0,1,0,0,0,1,0,0,Pneumonia
1,1,1,0,0,1,0,1,0,1,0,0,0,1,0,0,0,1,0,0,Pneumonia
1,0,0,0,0,0,0,0,1,1,1,1,0,0,0,0,0,0,0,0,Gastroenteritis
1,1,1,0,0,0,0,1,0,0,0,0,0,1,0,0,0,1,0,0,Pneumonia
1,0,0,0,0,0,0,0,1,1,1,1,0,0,0,0,0,0,0,0,Gastroenteritis
1,1,1,0,0,0,0,1,0,0,0,0,0,1,0,0,1,1,0,0,Pneumonia
1,0,1,1,0,0,0,1,1,0,0,1,0,0,0,0,0,0,0,1,Malaria
0,1,0,1,1,1,0,0,0,0,0,0,0,0,0,0,0,0,1,0,Common Cold
1,0,0,1,0,0,1,0,1,0,0,0,0,0,0,1,0,0,0,0,Dengue
0,1,0,1,1,1,0,0,0,0,0,0,0,0,0,0,0,0,1,0,Common Cold
1,1,1,1,0,0,1,1,1,0,0,0,0,0,0,0,0,0,0,0,Influenza (Flu)
1,0,1,1,0,0,0,1,1,0,0,0,0,0,0,0,0,0,0,1,Malaria
0,1,1,1,1,1,0,0,0,0,0,0,0,0,0,0,0,0,1,0,Common Cold
1,1,1,0,0,0,0,0,0,0,0,0,0,1,0,0,0,0,0,0,COVID-19
1,1,1,0,1,0,0,0,0,0,0,0,1,1,0,0,0,0,0,0,COVID-19
1,1,1,0,1,0,0,0,0,0,0,0,1,1,0,0,0,0,0,0,COVID-19
0,0,1,1,0,0,0,0,1,0,0,0,0,0,0,0,1,0,0,0,Migraine
0,0,0,0,1,1,0,0,0,0,0,0,0,0,0,0,0,0,1,0,Common Cold
1,0,0,0,0,0,0,0,1,1,1,1,0,0,0,0,0,0,1,0,Gastroenteritis
1,0,1,1,0,0,0,1,1,0,0,0,0,0,0,0,0,0,0,1,Malaria
1,1,1,0,1,0,0,0,0,0,0,0,1,1,0,0,0,0,0,0,COVID-19
1,0,0,1,0,0,1,0,1,0,0,0,0,0,0,1,0,0,0,0,Dengue
1,0,1,1,0,0,0,0,1,0,0,1,0,0,0,0,1,0,0,0,Migraine
1,0,1,1,0,0,0,0,1,0,1,1,0,0,0,0,0,0,0,0,Typhoid
1,0,0,0,0,0,0,0,1,1,1,0,0,0,0,0,0,0,0,0,Gastroenteritis
1,0,1,1,0,0,0,0,1,0,1,1,0,0,0,0,0,0,1,0,Typhoid
1,1,1,1,0,0,1,1,0,0,0,0,0,0,0,0,0,0,0,0,Influenza (Flu)
1,0,1,1,0,0,0,0,1,0,1,1,0,0,0,0,0,0,0,0,Typhoid
1,0,1,1,0,0,0,0,1,0,1,1,0,0,0,0,0,0,0,0,Typhoid
1,0,1,0,1,0,0,0,0,0,0,0,1,1,0,0,0,0,0,0,COVID-19
1,1,1,0,1,0,0,0,0,0,0,0,0,1,0,0,0,0,0,0,COVID-19
0,0,0,0,0,0,0,0,1,1,1,0,0,0,0,0,0,0,0,1,Food Poisoning
0,0,0,0,0,0,0,0,1,1,1,1,0,0,0,0,0,0,0,1,Food Poisoning
0,0,1,1,0,0,0,0,1,0,0,0,0,0,0,0,1,0,0,0,Migraine
0,0,0,0,0,0,0,0,1,1,1,1,0,0,0,0,0,0,0,1,Food Poisoning
0,0,0,0,0,0,0,0,1,1,1,1,0,0,0,0,0,0,0,1,Food Poisoning
0,1,0,1,1,1,0,1,0,0,0,0,0,0,0,0,0,0,1,0,Common Cold
0,0,0,0,0,0,0,0,0,1,1,1,0,0,0,0,0,1,0,1,Food Poisoning
0,0,0,1,1,0,0,0,1,0,0,0,0,0,0,0,1,0,0,0,Migraine
1,0,0,1,0,0,1,0,1,0,0,0,0,0,1,1,0,0,0,0,Dengue
1,1,1,1,0,0,1,1,0,0,0,0,0,0,0,0,0,0,0,0,Influenza (Flu)
1,1,1,0,0,0,0,1,0,0,0,0,0,1,1,0,0,1,0,0,Pneumonia
1,1,1,0,0,0,0,1,0,0,0,0,0,1,0,0,0,1,0,0,Pneumonia
0,1,0,0,1,1,0,0,0,0,0,0,0,1,0,0,0,0,1,0,Common Cold
0,1,1,0,0,0,0,1,0,0,0,0,0,1,0,0,0,1,0,0,Pneumonia
1,0,0,0,0,0,0,0,1,1,1,1,0,0,0,0,0,1,0,0,Gastroenteritis
0,1,0,1,1,1,0,0,0,0,0,0,0,0,0,0,0,0,1,0,Common Cold
1,0,1,1,0,0,0,0,1,0,1,1,0,1,0,0,0,0,0,0,Typhoid
1,1,1,1,0,0,1,1,0,0,0,0,0,0,0,0,0,0,0,0,Influenza (Flu)
1,0,0,1,0,1,0,0,1,0,0,0,0,0,1,1,0,0,0,0,Dengue
0,0,1,1,0,0,0,0,1,0,0,0,0,0,0,0,1,0,0,0,Migraine
0,1,1,0,1,0,0,0,0,0,0,0,1,1,0,0,0,0,0,0,COVID-19
1,0,1,1,0,0,0,0,1,0,1,1,0,0,1,0,0,0,0,0,Typhoid
1,1,1,1,0,0,1,1,0,0,0,0,0,0,0,0,0,0,0,0,Influenza (Flu)
0,0,0,0,0,0,0,0,1,1,1,1,0,0,0,0,0,0,0,1,Food Poisoning
1,1,1,0,0,0,0,1,0,0,0,0,0,1,0,0,0,1,0,0,Pneumonia
0,1,1,0,1,0,0,1,0,0,0,0,0,1,0,1,0,1,0,0,Pneumonia
1,1,1,0,1,0,0,0,0,0,0,0,1,1,0,0,0,0,0,0,COVID-19
1,1,1,0,1,0,0,0,0,0,0,0,1,1,0,0,0,0,0,0,COVID-19
0,0,1,1,0,0,0,0,1,0,0,0,0,0,0,0,1,0,0,0,Migraine
0,0,1,1,0,0,0,0,1,0,0,0,0,0,0,0,1,0,1,0,Migraine
1,0,0,1,0,0,1,0,1,1,0,0,0,0,1,1,0,0,0,0,Dengue
1,0,0,0,0,0,0,0,1,1,1,1,0,0,0,0,0,0,0,0,Gastroenteritis
0,1,0,1,1,1,0,0,0,0,0,0,0,0,0,0,0,0,1,0,Common Cold
1,1,1,0,0,0,0,1,0,0,0,0,0,1,0,0,0,1,0,0,Pneumonia
1,0,1,1,0,0,0,1,1,0,1,0,0,0,0,1,0,0,0,1,Malaria
0,1,0,1,1,1,0,0,0,0,0,0,0,0,0,0,0,0,1,0,Common Cold
1,0,1,0,0,0,0,1,0,0,0,0,0,1,0,0,0,1,0,0,Pneumonia
0,0,0,0,0,0,0,0,1,1,1,1,0,0,0,0,0,0,0,1,Food Poisoning
1,0,1,1,0,0,0,1,1,0,0,0,0,0,0,0,0,0,0,1,Malaria
0,0,0,0,0,0,0,0,1,1,1,1,0,0,0,0,0,1,0,1,Food Poisoning
1,1,1,0,1,0,0,0,0,0,0,0,1,1,0,0,0,0,0,0,COVID-19
1,0,1,1,0,0,0,1,1,0,1,0,0,0,0,0,0,0,0,1,Malaria
0,0,0,0,0,0,0,0,1,1,1,1,0,0,0,0,0,0,0,1,Food Poisoning
1,1,1,0,1,0,0,0,0,0,0,0,1,1,0,0,0,0,0,0,COVID-19
1,0,0,0,0,0,0,0,1,1,1,1,0,0,0,0,0,0,0,0,Gastroenteritis
1,0,1,1,0,0,0,1,1,0,0,0,0,0,0,0,0,0,0,1,Malaria
1,0,1,1,0,0,0,0,1,0,1,1,0,0,0,0,0,0,0,0,Typhoid
1,0,1,1,0,0,0,0,1,0,1,1,0,0,0,0,0,0,0,0,Typhoid
1,0,0,0,0,0,0,0,1,1,1,1,0,0,0,0,0,0,0,0,Gastroenteritis
0,0,0,0,0,0,0,0,1,1,1,1,0,0,0,0,0,0,0,1,Food Poisoning
1,1,1,0,0,0,0,1,0,0,0,0,0,1,0,0,0,1,0,0,Pneumonia
1,1,1,1,0,0,0,0,1,0,1,1,0,0,0,0,0,0,0,0,Typhoid
1,1,0,0,0,0,0,1,0,0,0,0,0,1,0,0,0,1,0,0,Pneumonia
1,0,1,1,0,0,0,0,1,0,0,0,0,0,0,0,0,0,0,1,Malaria
1,1,1,0,0,0,0,1,0,0,0,1,0,1,0,0,0,1,0,0,Pneumonia
1,0,1,1,0,0,0,0,1,0,1,1,0,0,0,0,0,0,0,0,Typhoid
0,0,1,1,0,0,0,0,1,0,0,0,0,0,0,0,1,1,0,0,Migraine
1,1,1,1,0,0,1,1,0,0,0,0,0,0,0,0,0,0,0,0,Influenza (Flu)
0,0,0,0,0,0,0,0,1,1,0,1,0,0,0,0,0,0,0,1,Food Poisoning
1,1,1,0,0,0,0,1,0,0,0,0,0,1,0,0,0,1,0,0,Pneumonia
1,0,0,0,0,0,0,0,1,1,1,0,0,0,0,0,0,0,0,0,Gastroenteritis
1,1,1,0,1,0,0,0,0,0,0,0,1,1,0,0,0,0,0,0,COVID-19
0,0,1,0,0,0,0,0,1,1,1,1,0,0,0,0,0,0,0,0,Gastroenteritis
1,0,0,1,0,0,1,0,1,0,0,0,0,0,1,1,0,0,1,0,Dengue
1,0,0,0,0,0,0,0,1,1,1,1,0,0,0,0,0,0,0,0,Gastroenteritis
1,0,1,1,0,0,0,1,1,0,0,0,0,0,0,0,0,0,0,1,Malaria
1,0,1,1,0,0,0,1,1,0,0,0,0,0,0,0,0,0,0,1,Malaria
1,1,1,0,0,0,0,1,0,0,0,0,0,1,0,0,0,1,0,0,Pneumonia
0,0,0,1,0,0,1,0,1,0,0,0,0,0,1,1,0,0,0,0,Dengue
0,0,1,0,0,0,0,0,1,0,0,0,0,0,0,0,1,0,0,0,Migraine
1,0,0,0,0,0,0,0,0,1,1,0,0,0,0,0,0,0,0,0,Gastroenteritis
0,1,0,1,1,1,1,0,0,0,0,0,0,1,1,0,0,0,1,0,Common Cold
1,1,1,1,0,0,1,1,0,0,0,0,0,0,0,0,0,0,0,0,Influenza (Flu)
1,0,1,1,0,0,0,0,1,0,1,1,0,0,0,0,0,0,0,0,Typhoid
1,1,1,0,0,0,0,1,0,0,0,0,0,1,0,0,0,1,0,0,Pneumonia
0,1,0,1,1,1,0,0,0,0,0,0,0,0,0,0,0,0,1,0,Common Cold
1,1,1,0,0,0,0,1,0,0,0,0,0,1,0,0,0,1,0,0,Pneumonia
1,0,1,1,0,0,0,0,1,0,1,1,0,0,0,0,0,0,0,0,Typhoid
1,0,0,1,0,0,0,0,1,0,1,1,0,0,0,0,0,0,0,0,Typhoid
0,1,0,1,1,1,0,0,0,0,0,0,0,0,1,0,0,0,1,0,Common Cold
1,1,1,1,0,0,0,0,1,0,1,1,0,0,0,0,0,0,0,0,Typhoid
1,0,1,1,0,0,0,1,1,0,0,0,0,0,0,0,0,0,0,1,Malaria
1,1,1,1,0,0,1,1,0,0,0,0,0,0,0,0,0,0,0,0,Influenza (Flu)
0,0,1,1,0,0,0,0,1,0,0,0,0,0,0,0,1,0,0,0,Migraine
0,0,0,1,0,0,1,0,1,0,0,0,0,0,1,1,0,0,0,0,Dengue
1,1,1,0,0,0,0,1,0,0,1,0,0,1,0,0,0,0,0,0,Pneumonia
1,0,1,1,0,0,0,0,1,0,1,1,0,0,0,0,0,0,0,0,Typhoid
1,0,0,1,0,0,1,0,1,0,0,0,0,0,1,1,0,0,0,0,Dengue
1,1,1,0,0,0,0,1,0,0,0,0,0,1,0,0,0,1,0,0,Pneumonia
1,0,1,1,0,0,0,0,1,1,1,1,0,0,0,0,0,0,0,0,Typhoid
0,0,0,0,0,0,0,0,1,1,1,1,1,0,0,0,0,0,0,1,Food Poisoning
1,1,1,1,0,0,1,1,0,0,1,0,0,0,0,0,0,0,0,0,Influenza (Flu)
0,0,1,1,0,0,0,0,1,0,0,0,0,1,0,0,1,0,0,0,Migraine
1,0,1,0,0,0,0,0,1,0,1,1,0,0,0,0,0,0,0,0,Typhoid
0,0,1,0,0,0,0,0,1,1,1,1,0,0,0,0,0,0,0,1,Food Poisoning
1,1,1,1,0,0,1,1,0,0,0,0,0,0,0,0,0,0,0,0,Influenza (Flu)
1,1,1,1,0,0,1,0,0,0,0,0,0,0,0,0,0,0,0,0,Influenza (Flu)
0,1,0,1,1,1,0,0,0,0,0,0,0,0,0,0,0,0,1,0,Common Cold
0,0,0,0,0,0,0,0,1,1,1,1,0,0,0,0,0,0,0,1,Food Poisoning
1,0,0,1,0,0,1,0,1,0,0,0,0,0,1,1,0,0,0,0,Dengue
0,0,0,1,0,0,0,0,1,0,0,0,0,0,0,0,1,0,0,0,Migraine
1,0,0,0,0,0,0,0,1,1,1,1,1,0,0,0,0,0,0,0,Gastroenteritis
1,1,1,0,1,0,0,0,0,0,0,0,1,1,0,0,0,0,0,0,COVID-19
1,0,1,1,0,0,0,1,1,0,0,0,0,0,0,0,0,0,0,1,Malaria
1,1,1,0,1,0,0,0,0,0,0,0,1,1,0,0,0,0,0,0,COVID-19
0,1,0,1,1,1,0,0,0,0,0,0,0,0,0,0,0,0,1,0,Common Cold
1,1,1,0,0,0,0,1,0,0,0,0,0,1,0,0,0,1,0,0,Pneumonia
1,0,0,1,0,0,1,0,1,0,0,0,0,0,1,1,0,0,0,0,Dengue
0,1,0,1,1,1,0,0,0,1,0,0,1,0,0,0,0,0,1,1,Common Cold
1,1,1,0,0,0,1,1,0,0,0,0,0,0,0,0,0,0,1,0,Influenza (Flu)
0,0,1,1,0,0,0,0,1,0,0,0,0,0,0,0,1,0,0,0,Migraine
1,0,1,1,0,0,0,1,1,0,0,0,0,0,0,0,0,0,0,1,Malaria
0,1,0,1,1,1,0,0,0,0,0,0,0,0,0,0,0,0,1,0,Common Cold
1,0,0,1,0,0,1,0,1,0,0,0,0,0,1,1,0,0,0,0,Dengue
0,1,0,1,1,1,0,0,0,0,0,0,0,0,0,0,0,1,1,0,Common Cold
1,0,1,0,0,0,0,1,0,0,0,0,0,1,0,0,0,0,0,0,Pneumonia
0,1,1,0,1,0,0,0,0,0,0,0,1,1,0,0,0,1,0,0,COVID-19
1,0,0,1,0,0,1,0,1,0,0,0,0,0,1,1,0,0,0,0,Dengue
0,0,0,0,0,0,0,0,1,1,1,1,0,0,0,0,0,0,0,1,Food Poisoning
1,0,0,0,0,0,0,0,1,1,1,1,0,0,0,0,0,0,0,0,Gastroenteritis
1,1,1,0,0,0,0,0,0,0,0,0,1,1,0,0,0,0,0,0,COVID-19
0,1,0,1,0,1,0,0,0,0,0,0,0,0,0,0,0,0,1,0,Common Cold
1,1,1,0,0,0,0,0,0,0,0,0,1,1,0,0,0,0,0,0,COVID-19
0,0,1,1,0,0,0,0,1,0,0,0,0,0,0,1,1,0,0,0,Migraine
1,1,1,1,0,0,1,1,0,0,1,0,0,0,0,0,0,0,0,0,Influenza (Flu)
1,1,1,0,0,0,0,1,1,0,0,0,0,0,0,0,0,0,0,1,Malaria
0,0,1,1,0,0,0,1,1,0,0,0,0,0,0,0,1,0,0,0,Migraine
1,1,1,1,0,0,1,1,0,0,0,0,0,0,0,0,0,0,0,0,Influenza (Flu)
0,1,0,1,1,1,0,0,0,0,0,0,0,0,0,0,0,0,1,0,Common Cold
1,0,1,1,0,0,1,0,1,0,0,0,0,0,1,1,0,0,0,0,Dengue
1,0,0,0,0,0,0,0,1,1,1,1,0,0,0,0,0,0,0,0,Gastroenteritis
1,0,0,0,0,0,0,0,1,1,1,1,0,0,0,0,0,0,0,0,Gastroenteritis
1,1,1,1,0,0,1,1,0,0,0,0,0,0,0,0,0,0,0,0,Influenza (Flu)
0,0,0,1,0,0,0,0,1,1,1,1,0,0,0,0,0,1,0,0,Gastroenteritis
1,1,1,0,1,0,0,0,0,0,0,0,1,1,0,0,0,0,0,0,COVID-19
0,0,1,1,0,0,0,0,1,0,0,0,0,0,0,0,1,0,0,0,Migraine
1,1,1,1,0,0,1,1,0,0,0,0,0,0,1,0,0,0,0,0,Influenza (Flu)
0,1,1,0,1,0,0,0,0,0,0,0,1,1,0,0,0,1,0,0,COVID-19
1,1,1,1,0,0,1,1,1,0,0,0,0,0,0,0,0,0,0,0,Influenza (Flu)
1,0,0,1,0,0,0,0,1,0,0,0,0,0,1,1,0,0,0,0,Dengue
1,0,1,1,0,0,0,1,1,0,0,0,0,0,0,0,0,0,0,1,Malaria
1,0,0,0,0,0,0,0,1,1,1,1,0,0,0,0,0,0,0,0,Gastroenteritis
0,0,1,1,0,0,0,0,1,0,0,0,0,0,0,0,1,0,0,0,Migraine
1,0,0,1,0,0,1,0,1,0,0,0,0,0,1,1,0,0,0,1,Dengue
1,0,1,1,0,0,0,1,1,0,0,0,0,0,0,0,0,0,0,1,Malaria
0,0,0,0,0,0,0,0,1,1,1,1,0,0,0,0,0,0,0,1,Food Poisoning
0,1,0,1,1,1,0,0,0,0,0,0,0,0,0,0,0,0,1,0,Common Cold
1,0,0,0,0,0,0,0,1,1,1,1,0,0,0,0,0,0,0,0,Gastroenteritis
0,0,1,1,0,0,0,0,1,0,1,0,0,0,0,0,1,0,0,0,Migraine
1,1,1,0,0,0,0,1,0,0,0,0,0,1,0,0,0,1,0,0,Pneumonia
1,0,0,0,0,0,0,0,1,1,1,1,0,0,0,0,0,1,0,0,Gastroenteritis
0,1,0,1,1,1,0,0,0,0,0,0,0,0,0,0,0,0,1,0,Common Cold
1,1,1,0,0,0,0,1,0,0,0,0,0,1,0,0,0,1,0,0,Pneumonia
0,0,0,0,0,0,0,0,1,1,0,1,0,0,0,0,0,0,0,1,Food Poisoning
1,0,1,1,0,0,0,0,1,0,0,1,0,0,0,0,0,0,0,0,Typhoid
1,1,1,1,0,0,0,0,0,0,0,0,1,1,0,0,0,0,0,0,COVID-19
1,1,1,1,0,0,1,1,0,0,0,0,0,0,0,0,0,0,0,0,Influenza (Flu)
1,1,1,1,0,0,1,1,0,0,0,0,0,0,0,0,0,1,0,0,Influenza (Flu)
0,0,1,1,0,0,0,0,1,0,0,1,0,1,0,0,1,0,0,0,Migraine
0,0,0,0,0,0,0,0,1,1,1,1,0,0,0,0,0,0,0,1,Food Poisoning
1,1,1,0,0,0,0,1,0,0,0,0,0,1,0,0,0,1,0,0,Pneumonia
0,0,1,1,0,0,0,0,1,0,1,1,0,0,0,0,0,0,0,0,Typhoid
0,0,0,1,0,0,0,0,0,0,0,0,0,0,0,0,0,0,1,0,Common Cold
1,1,1,1,0,0,1,1,0,0,0,0,0,0,0,0,0,0,0,0,Influenza (Flu)
1,0,0,0,0,0,0,0,1,1,1,1,0,0,0,0,0,0,0,0,Gastroenteritis
1,0,1,1,0,0,0,1,0,0,0,0,0,0,0,0,0,0,0,1,Malaria
0,0,1,1,0,0,1,0,1,0,0,0,0,0,0,0,1,0,0,0,Migraine
1,0,1,1,0,0,0,0,1,0,1,1,0,0,0,0,0,0,0,0,Typhoid
0,1,0,1,1,1,0,0,0,0,0,0,0,0,0,0,0,0,1,0,Common Cold
1,1,1,0,1,0,0,0,0,0,0,0,1,1,0,0,0,0,0,0,COVID-19
1,1,1,0,0,0,0,1,0,0,0,0,0,1,0,0,0,1,0,0,Pneumonia
1,1,1,0,1,0,0,1,0,1,0,1,0,1,0,0,0,1,0,0,Pneumonia
0,0,1,1,0,0,0,0,1,0,0,0,0,0,0,0,1,0,0,0,Migraine
1,1,1,1,0,0,1,1,0,0,0,0,0,0,0,0,0,0,0,0,Influenza (Flu)
1,0,1,1,0,0,0,1,1,0,0,0,0,0,0,0,0,0,0,1,Malaria
1,0,0,1,0,0,1,0,1,0,0,0,0,0,1,0,0,0,0,0,Dengue
1,0,0,0,0,0,0,0,1,1,1,1,0,0,0,0,0,0,0,0,Gastroenteritis
1,1,1,1,0,0,1,1,0,0,0,0,0,0,0,0,0,0,0,0,Influenza (Flu)
1,1,1,0,1,0,0,0,0,0,0,0,1,1,0,0,0,0,0,0,COVID-19
1,1,1,0,1,0,0,0,0,0,0,0,1,1,0,0,0,0,0,0,COVID-19
0,0,0,0,0,0,0,0,1,0,1,1,1,0,0,0,0,0,0,1,Food Poisoning
0,0,0,0,0,0,0,0,1,1,1,1,0,0,0,0,0,0,0,1,Food Poisoning
0,0,1,1,0,0,0,1,1,0,0,0,0,0,0,0,1,0,0,0,Migraine
1,1,1,0,1,0,0,0,0,0,1,0,1,1,0,0,0,0,0,0,COVID-19
1,0,1,1,0,0,0,1,1,0,0,0,0,0,0,0,0,0,0,1,Malaria
1,0,1,1,0,0,0,1,1,0,1,0,0,0,0,0,0,0,0,1,Typhoid
1,1,1,0,0,0,0,1,0,0,0,0,0,1,0,0,0,1,0,0,Pneumonia
1,0,1,1,0,0,0,1,1,0,0,0,0,0,0,0,0,0,0,1,Malaria
1,0,1,1,0,0,0,0,1,0,0,0,0,0,0,0,1,0,0,0,Migraine
0,0,0,0,0,0,0,0,1,1,1,1,0,0,0,0,0,0,0,1,Food Poisoning
0,0,1,1,0,0,0,0,1,0,0,0,0,0,0,0,1,0,0,0,Migraine
1,0,0,1,0,0,1,1,1,0,0,0,1,0,1,1,0,0,0,0,Dengue
1,0,1,1,0,0,0,0,0,0,1,1,0,0,0,0,0,0,0,0,Typhoid
1,0,1,0,0,0,1,0,0,1,1,1,0,0,0,0,0,0,0,0,Gastroenteritis
0,1,0,1,1,1,0,0,0,0,1,0,0,0,0,0,0,1,1,0,Common Cold
1,0,0,0,0,0,0,1,1,1,1,1,0,0,0,0,0,0,0,0,Gastroenteritis
1,1,1,0,0,0,0,1,0,0,0,0,1,1,0,0,0,0,0,0,COVID-19
1,0,0,1,0,0,1,0,1,0,0,0,0,0,1,1,0,0,0,0,Dengue
1,1,1,0,1,1,0,0,0,0,0,0,1,1,0,0,1,0,0,0,COVID-19
1,1,1,0,0,0,0,1,0,0,0,0,0,1,0,0,0,1,0,0,Pneumonia
1,1,1,0,0,0,0,1,0,0,0,0,0,1,0,0,0,1,0,0,Pneumonia
1,0,1,1,1,0,0,1,1,0,0,0,0,0,0,0,0,0,0,1,Malaria
1,0,1,1,0,0,0,0,1,0,1,1,0,0,0,0,0,0,0,0,Typhoid
0,1,0,1,1,1,0,0,0,0,0,0,0,0,0,0,0,0,1,0,Common Cold
1,0,1,1,0,0,1,1,0,0,0,0,0,0,0,0,0,0,0,0,Influenza (Flu)
0,0,1,1,0,0,0,0,1,0,0,0,0,0,0,0,1,0,0,0,Migraine
1,0,0,1,0,0,1,0,1,0,0,0,0,0,1,1,0,0,0,0,Dengue
0,1,1,0,1,0,0,0,0,0,0,0,1,1,0,0,0,0,0,0,COVID-19
0,0,0,0,0,1,0,0,1,1,1,1,0,0,1,0,0,0,0,1,Food Poisoning
0,0,0,0,0,0,0,0,1,1,1,1,0,0,0,0,0,0,0,1,Food Poisoning
0,0,0,0,0,0,0,0,1,1,1,1,0,0,0,0,0,0,0,1,Food Poisoning
1,0,1,1,0,0,0,1,1,0,0,0,0,0,0,0,0,0,0,1,Malaria
1,0,0,1,0,0,1,0,1,0,0,0,0,0,1,1,0,0,0,0,Dengue
0,1,0,1,1,1,0,0,0,0,0,0,0,0,0,0,0,0,1,0,Common Cold
1,1,1,1,0,0,1,1,0,0,0,0,0,0,0,0,0,0,0,0,Influenza (Flu)
0,1,0,1,1,1,0,0,0,0,0,0,0,0,0,0,0,0,1,0,Common Cold
1,0,0,1,0,0,0,1,1,0,0,0,0,0,0,0,0,0,0,1,Malaria
1,0,1,1,0,0,0,0,1,0,1,1,1,0,0,0,0,0,0,0,Typhoid
0,0,0,0,0,0,0,0,1,1,1,1,0,0,0,0,0,0,0,1,Food Poisoning
0,0,1,1,0,0,0,0,1,0,0,0,0,0,0,0,1,0,0,0,Migraine
1,0,1,1,0,0,0,0,1,0,1,1,0,0,0,0,0,0,0,0,Typhoid
1,0,1,1,0,0,1,1,1,0,1,0,0,0,0,0,0,0,0,1,Malaria
0,0,0,1,1,1,0,0,0,0,0,0,0,0,0,0,0,0,1,0,Common Cold
0,0,1,1,0,0,0,0,1,0,0,0,0,1,0,0,1,0,0,0,Migraine
1,1,1,0,1,0,0,0,1,0,0,0,1,1,0,1,0,0,0,0,COVID-19
0,0,1,1,0,0,0,1,1,0,0,0,0,0,0,0,0,0,0,1,Malaria
1,1,1,0,0,0,0,1,0,0,0,0,0,1,0,0,0,1,0,0,Pneumonia
0,0,0,0,1,0,0,0,1,1,1,0,0,0,0,0,0,0,0,0,Food Poisoning
0,0,0,0,0,0,0,0,1,1,1,1,0,0,0,0,0,0,0,1,Food Poisoning
0,0,1,1,0,0,0,0,1,0,0,0,0,0,0,0,1,0,1,0,Migraine
0,0,0,0,0,0,0,0,1,1,1,1,0,0,0,0,0,0,0,1,Food Poisoning
1,1,1,0,1,0,0,0,0,0,0,0,1,1,0,0,0,0,0,0,COVID-19
1,0,0,0,0,0,0,0,1,1,1,1,0,0,0,0,0,0,0,0,Gastroenteritis
1,1,1,1,0,0,1,1,0,0,1,0,0,0,0,0,0,0,0,0,Influenza (Flu)
1,0,1,1,0,0,0,0,1,0,1,1,0,0,0,0,0,0,0,0,Typhoid
0,0,0,0,0,0,0,0,1,1,1,1,0,0,0,0,0,0,0,1,Food Poisoning
1,0,0,0,0,0,0,0,1,1,1,1,0,0,0,0,0,1,0,0,Gastroenteritis
0,1,0,1,1,1,0,0,0,0,0,0,0,0,0,0,0,0,1,0,Common Cold
1,1,1,0,1,0,0,1,0,0,0,1,1,1,0,0,0,0,0,0,COVID-19
1,0,0,1,0,0,1,0,1,0,0,0,0,0,1,1,0,0,0,0,Dengue
1,0,0,1,0,0,1,0,1,0,0,0,0,0,1,1,0,0,0,0,Dengue
1,1,1,0,0,0,0,1,0,0,0,0,0,1,0,0,0,1,1,0,Pneumonia
0,0,0,0,0,0,0,0,1,1,1,1,0,0,0,0,0,0,0,1,Food Poisoning
1,0,1,0,0,0,0,0,1,1,1,1,0,0,0,0,0,0,0,0,Gastroenteritis
0,1,0,1,1,1,0,0,0,0,0,0,0,0,0,0,0,0,0,0,Common Cold
1,1,1,1,0,0,1,1,0,0,0,0,0,0,0,0,0,0,0,0,Influenza (Flu)
1,0,0,1,0,0,1,0,1,0,0,0,0,0,1,1,0,0,0,0,Dengue
1,0,0,1,0,0,1,0,1,0,0,0,0,0,1,1,0,0,0,0,Dengue
0,0,1,1,1,0,0,0,1,0,0,0,0,0,0,0,1,0,0,0,Migraine
1,1,1,0,1,0,0,0,0,0,0,0,1,1,0,0,0,0,0,0,COVID-19
0,0,0,0,0,0,0,0,1,1,1,1,0,0,0,0,0,1,0,1,Food Poisoning
0,0,1,1,0,0,0,0,1,0,0,0,0,0,0,0,1,0,0,0,Migraine
0,1,1,1,0,0,0,0,1,0,0,0,0,0,0,0,1,0,0,0,Migraine
0,0,0,0,0,0,0,0,1,1,1,1,0,0,0,0,0,0,0,1,Food Poisoning
1,1,1,1,0,0,1,1,0,0,0,0,0,1,0,0,0,0,0,1,Influenza (Flu)
1,0,1,1,0,0,0,0,1,0,1,1,0,0,0,0,0,0,0,0,Typhoid
0,1,0,1,1,1,0,0,0,0,0,0,0,0,0,0,0,0,1,0,Common Cold
1,1,1,0,0,0,0,1,0,1,0,0,0,1,0,0,0,0,0,0,Pneumonia
1,0,0,1,0,0,1,0,1,0,0,0,0,0,1,1,0,0,0,0,Dengue
1,1,1,0,0,0,0,1,0,0,0,0,0,1,0,1,0,1,0,0,Pneumonia
1,1,1,0,1,0,0,0,0,0,0,0,1,1,0,0,0,0,0,0,COVID-19
0,0,0,1,0,1,0,0,1,0,0,0,0,0,0,0,1,0,0,0,Migraine
1,0,1,1,0,0,0,1,1,0,0,0,0,0,0,0,0,0,0,1,Malaria
1,0,1,1,0,0,0,1,1,0,0,0,0,0,0,0,0,0,0,1,Malaria
1,1,1,0,1,0,0,1,0,0,0,0,1,1,0,0,0,0,0,0,COVID-19
0,0,0,0,0,0,0,0,1,1,1,1,0,0,0,0,0,0,0,1,Food Poisoning
1,0,0,0,0,0,0,0,1,1,0,1,0,0,0,0,0,0,0,0,Gastroenteritis
1,0,1,1,0,0,0,1,1,0,0,0,0,0,0,0,0,0,0,1,Malaria
1,1,1,0,0,0,0,1,0,0,0,0,0,1,0,0,0,1,1,0,Pneumonia
1,0,0,0,0,0,0,0,1,1,1,1,0,0,0,0,0,0,1,0,Gastroenteritis
1,1,1,0,1,0,0,0,0,0,0,0,1,1,0,0,0,0,0,0,COVID-19
1,0,0,0,0,0,0,0,1,1,1,1,0,0,0,1,0,0,0,0,Gastroenteritis
1,0,1,0,0,0,1,1,1,0,0,0,0,0,0,0,0,0,0,1,Malaria
0,0,1,1,0,0,0,0,1,0,0,0,0,0,0,0,1,1,0,0,Migraine
0,0,1,1,0,0,0,0,1,0,0,0,0,0,0,0,1,0,0,0,Migraine
1,0,0,1,0,0,1,0,1,0,0,0,0,0,1,1,0,0,0,0,Dengue
1,0,1,0,0,0,0,0,1,0,1,1,0,0,0,0,0,0,0,0,Typhoid
1,0,1,1,0,0,0,1,1,0,0,0,0,0,0,0,0,0,0,1,Malaria
1,0,0,1,0,0,1,0,1,0,0,0,0,0,1,1,0,0,0,0,Dengue
1,0,0,1,0,0,1,0,1,0,0,0,0,0,1,1,0,0,0,0,Dengue
0,0,1,1,0,0,0,0,1,0,0,0,0,0,0,0,1,0,0,0,Migraine
1,1,1,0,0,0,0,1,0,0,0,0,0,1,0,0,0,1,0,0,Pneumonia
1,0,1,1,0,0,0,1,1,0,0,0,0,0,0,0,0,0,0,1,Malaria
1,1,1,1,0,0,1,1,0,0,0,0,0,0,0,0,0,0,1,0,Influenza (Flu)
1,0,0,1,0,0,1,0,1,0,0,0,0,0,1,1,0,0,0,0,Dengue
1,0,0,1,0,0,1,0,1,0,0,0,0,0,1,1,0,0,0,0,Dengue
1,0,0,1,0,0,1,0,1,0,0,0,0,0,1,1,0,0,0,0,Dengue
0,0,1,1,0,0,0,1,1,0,0,0,0,0,0,0,0,0,0,1,Malaria
1,0,1,1,0,0,0,1,1,0,0,0,0,0,0,0,0,1,0,1,Malaria
0,0,1,1,0,0,0,0,1,0,0,0,0,0,0,0,1,0,0,0,Migraine
1,0,0,1,0,0,1,0,1,0,0,0,0,0,1,1,0,0,0,0,Dengue
0,0,0,0,0,0,0,0,1,1,1,0,0,0,0,0,0,0,0,1,Food Poisoning
0,0,1,1,0,0,0,0,1,0,0,0,0,0,0,0,1,0,0,0,Migraine
0,1,0,1,1,1,0,0,0,0,0,0,0,0,0,0,0,0,1,0,Common Cold
1,1,1,0,1,0,0,0,0,0,0,0,1,0,0,0,0,0,0,0,COVID-19
1,1,1,0,1,0,0,0,0,0,0,0,1,1,0,0,0,0,0,0,COVID-19
0,1,0,1,1,1,1,0,0,0,0,0,0,0,0,0,0,0,1,0,Common Cold
1,1,1,1,0,0,1,1,0,0,0,0,0,0,0,0,0,0,0,0,Influenza (Flu)
1,1,1,0,0,0,1,1,0,0,0,0,0,0,0,0,0,0,0,0,Influenza (Flu)
0,0,0,0,0,0,0,0,1,1,1,1,0,0,0,0,0,0,0,1,Food Poisoning
1,0,0,0,0,0,1,0,1,1,1,1,0,0,0,0,0,0,0,1,Food Poisoning
1,1,1,1,0,0,0,1,1,0,0,0,0,0,0,0,0,0,0,1,Malaria
1,1,1,0,0,0,0,1,0,0,0,0,0,1,0,0,0,1,0,0,Pneumonia
1,1,1,0,0,0,0,1,0,0,0,0,0,1,0,0,1,1,0,0,Pneumonia
1,1,1,0,0,0,0,1,0,0,0,0,0,1,0,0,0,1,0,0,Pneumonia
1,0,1,1,0,0,1,1,0,0,0,0,0,0,0,0,0,0,0,0,Influenza (Flu)
0,0,0,0,0,0,0,0,1,1,1,1,0,0,0,0,0,0,0,1,Food Poisoning
0,0,1,1,0,0,0,0,1,0,0,0,0,0,0,0,1,0,0,0,Migraine
1,1,1,0,0,0,0,1,0,0,0,0,1,1,0,0,0,1,0,0,Pneumonia
1,0,0,1,0,0,1,0,1,0,0,0,0,0,1,1,0,0,0,0,Dengue
0,1,0,1,1,1,0,0,0,1,0,0,0,0,0,0,0,0,1,0,Common Cold
1,1,1,0,1,0,0,0,0,0,0,0,1,1,0,0,0,0,0,0,COVID-19
0,0,0,0,0,0,0,1,1,1,1,1,0,0,0,0,0,0,1,1,Food Poisoning
1,1,1,1,0,0,1,1,0,0,0,0,0,0,0,0,0,0,0,0,Influenza (Flu)
1,0,1,1,0,0,1,0,1,0,0,0,0,0,1,1,0,0,0,0,Dengue
1,1,1,0,1,0,0,0,0,0,0,0,1,1,0,0,1,0,0,0,COVID-19
0,1,0,1,1,1,0,0,0,0,0,0,0,0,0,1,0,0,1,0,Common Cold
0,0,0,0,0,0,0,0,1,1,1,1,0,0,0,0,0,0,0,1,Food Poisoning
1,0,1,1,0,0,0,1,1,0,0,0,0,0,0,0,0,0,0,1,Malaria
1,1,1,1,0,0,0,1,0,0,0,0,0,0,0,0,0,0,0,0,Influenza (Flu)
1,0,1,1,0,0,0,0,1,0,1,1,0,0,1,0,0,0,0,0,Typhoid
1,1,1,0,0,0,0,1,0,0,0,0,0,0,0,0,0,0,0,0,Influenza (Flu)
1,0,1,1,0,0,0,0,1,0,1,1,0,0,0,0,0,0,0,0,Typhoid
1,1,1,1,0,0,1,1,0,0,0,0,0,0,0,0,0,0,0,0,Influenza (Flu)
1,0,0,0,0,0,0,0,1,1,1,1,0,0,0,0,0,0,0,0,Gastroenteritis
1,1,1,0,1,0,0,0,0,0,0,0,1,1,0,1,0,0,0,0,COVID-19
1,0,0,0,0,0,0,0,1,1,1,1,0,0,0,0,0,0,0,0,Gastroenteritis
1,0,0,1,0,0,0,0,1,1,1,1,0,0,0,0,0,0,0,0,Gastroenteritis
1,0,1,1,0,0,1,0,1,0,1,1,0,0,0,0,0,0,0,0,Typhoid
1,1,1,0,1,0,0,0,0,0,1,0,1,0,0,0,0,0,0,0,COVID-19
0,0,0,0,0,0,0,0,1,1,1,1,0,0,0,0,0,0,0,1,Food Poisoning
1,0,0,0,0,0,0,0,0,1,1,1,0,0,0,0,0,0,0,0,Gastroenteritis
0,0,0,0,0,0,0,0,1,1,1,1,0,0,0,0,0,0,0,0,Food Poisoning
1,1,1,1,0,0,1,1,0,0,0,0,0,0,0,0,0,0,0,0,Influenza (Flu)
1,0,1,1,0,0,0,1,1,0,0,1,0,0,0,0,0,0,0,1,Malaria
1,1,1,1,0,0,1,1,0,0,0,0,0,0,0,0,1,0,0,0,Influenza (Flu)
1,0,0,0,0,0,0,0,1,1,1,1,0,0,0,0,0,0,0,0,Gastroenteritis
1,0,1,1,0,0,0,1,1,0,0,0,0,0,0,1,0,0,0,1,Malaria
1,0,1,1,0,0,0,0,1,0,1,1,0,0,0,0,0,0,0,0,Typhoid
1,1,1,0,0,0,0,1,0,0,0,0,0,1,0,0,0,1,0,0,Pneumonia
1,0,1,1,0,0,0,0,1,0,1,1,0,0,1,0,0,0,0,0,Typhoid
1,0,1,1,0,0,0,1,1,0,0,0,0,0,0,0,0,0,0,1,Malaria
1,1,1,1,0,0,1,1,0,0,0,0,0,0,0,0,0,0,0,0,Influenza (Flu)
0,0,0,1,1,1,0,0,0,0,0,0,0,0,0,0,0,0,1,0,Common Cold
1,0,1,1,0,0,0,0,1,0,1,1,0,0,0,0,0,0,0,0,Typhoid
1,1,0,0,1,0,0,0,0,0,0,0,1,1,0,0,0,0,0,0,COVID-19
1,1,1,0,1,0,0,0,0,0,0,0,1,1,0,0,0,0,0,0,COVID-19
1,0,0,0,0,0,0,0,1,1,0,1,0,0,0,0,0,0,1,0,Gastroenteritis
0,0,1,1,0,1,0,0,1,0,0,0,0,0,0,0,0,0,0,0,Migraine
1,0,1,1,0,0,0,0,1,0,1,1,1,0,1,0,0,0,0,0,Typhoid
1,0,1,1,0,0,0,0,1,0,1,1,0,0,0,0,0,0,0,0,Typhoid
1,1,1,0,0,0,0,1,0,0,0,0,0,1,0,0,0,1,0,0,Pneumonia
1,0,0,1,1,0,1,0,1,0,0,1,0,0,1,1,0,0,0,0,Dengue
1,0,1,1,0,0,0,1,1,0,0,0,1,0,0,0,0,0,0,1,Malaria
1,0,0,0,0,0,0,0,1,1,1,1,0,0,0,0,0,0,0,0,Gastroenteritis
1,1,1,1,0,0,0,1,1,0,0,0,0,0,0,0,0,0,0,1,Malaria
1,1,1,0,0,0,0,1,0,0,0,0,0,1,0,0,0,1,0,0,Pneumonia
1,0,1,1,0,0,0,0,1,0,1,1,0,0,0,0,0,0,0,0,Typhoid
1,0,0,0,0,0,0,0,1,1,1,1,0,0,0,0,0,0,0,0,Gastroenteritis
1,0,1,1,0,0,1,1,0,0,0,0,0,0,0,0,0,0,0,0,Influenza (Flu)
1,1,1,1,0,0,1,1,0,0,0,0,0,0,0,0,0,0,0,0,Influenza (Flu)
1,0,1,1,0,0,0,0,1,0,1,1,0,0,0,0,0,0,0,0,Typhoid
1,0,1,1,0,0,0,0,1,0,0,1,0,0,0,0,0,0,0,0,Typhoid
1,0,1,1,0,0,0,1,1,0,0,0,0,0,0,0,0,0,0,1,Malaria
0,0,0,0,0,0,0,0,1,1,1,1,0,0,0,0,0,0,0,1,Food Poisoning
0,0,0,0,0,0,0,0,1,1,1,0,0,0,0,0,0,0,0,1,Food Poisoning
1,0,1,1,0,0,0,0,1,0,1,1,0,0,0,0,0,0,0,0,Typhoid
1,1,1,1,0,0,1,1,0,0,0,0,0,0,0,0,1,0,0,0,Influenza (Flu)
1,1,1,0,0,0,0,1,0,0,0,1,0,1,0,0,0,1,0,0,Pneumonia
1,1,1,0,1,0,0,0,0,0,0,0,1,1,0,0,0,0,0,0,COVID-19
1,0,1,1,0,0,0,0,1,0,1,1,1,0,0,0,0,0,0,0,Typhoid
1,0,0,0,0,0,0,0,1,1,1,1,0,0,0,0,0,0,0,1,Gastroenteritis
0,0,1,1,0,0,0,0,1,0,1,1,0,0,0,0,0,0,0,0,Typhoid
0,0,0,0,0,0,0,0,1,1,1,1,0,0,0,0,0,0,0,1,Food Poisoning
1,0,1,1,0,0,0,1,1,0,0,0,0,0,0,0,0,0,0,1,Malaria
1,1,1,0,1,0,0,0,0,0,0,0,1,1,0,0,0,0,0,0,COVID-19
1,0,0,1,0,0,1,0,1,0,0,0,0,0,1,1,0,0,0,0,Dengue
0,0,1,1,0,0,0,0,1,0,0,0,0,0,0,0,1,0,0,0,Migraine
1,0,1,1,0,0,0,0,1,0,1,1,0,0,0,0,0,0,0,0,Typhoid
0,1,0,1,1,1,1,0,0,0,0,0,0,0,0,0,0,0,1,0,Common Cold
0,0,1,1,0,0,0,0,1,0,0,0,0,0,0,0,1,0,0,0,Migraine
1,0,0,1,0,0,1,0,1,0,0,0,0,0,1,1,0,0,0,0,Dengue
1,0,0,1,1,0,1,0,1,0,0,0,0,0,1,1,0,0,0,0,Dengue
0,0,0,0,0,0,0,0,0,1,1,1,1,0,0,1,0,0,0,0,Gastroenteritis
1,0,1,1,0,0,0,0,1,0,1,1,0,0,0,0,0,0,0,0,Typhoid
1,0,0,0,0,0,0,0,1,1,1,1,0,0,0,1,0,0,0,0,Gastroenteritis
1,0,0,1,0,0,1,0,1,0,0,0,0,0,1,0,0,0,0,0,Dengue
0,0,1,1,0,0,0,1,1,0,0,0,0,0,0,0,1,0,0,0,Migraine
0,1,0,1,1,1,0,0,0,1,0,0,0,0,0,0,0,0,1,0,Common Cold
0,0,1,1,0,0,0,0,1,0,0,0,0,0,0,0,1,0,0,0,Migraine
0,0,0,1,0,0,1,0,1,0,0,0,0,0,1,1,0,0,0,0,Dengue
1,1,1,1,0,0,1,0,0,0,0,0,0,0,0,0,0,0,0,0,Influenza (Flu)
1,0,1,1,0,0,0,0,1,0,1,1,0,0,0,1,0,0,0,0,Typhoid
0,1,0,1,1,0,0,0,0,0,0,0,0,1,0,0,0,0,1,0,Common Cold
1,0,1,1,0,0,0,1,1,0,0,0,1,0,0,0,0,0,0,1,Malaria
0,0,0,0,0,0,0,0,1,1,1,1,0,0,0,0,0,0,0,1,Food Poisoning
1,0,1,1,0,0,0,1,1,0,0,0,0,0,0,0,0,0,0,1,Malaria
0,1,0,1,1,1,0,0,1,0,0,0,0,0,0,0,0,0,1,0,Common Cold
0,0,1,1,0,0,0,0,1,0,0,0,0,0,0,0,1,0,0,0,Migraine
1,0,0,0,0,0,0,0,1,0,1,1,0,0,0,0,0,0,0,0,Gastroenteritis
0,1,0,1,1,1,0,0,0,0,0,0,0,0,0,0,0,0,1,0,Common Cold
1,1,1,0,0,0,0,1,0,0,0,0,0,1,0,0,0,1,0,0,Pneumonia
0,0,0,0,0,0,0,0,1,1,1,1,0,0,0,0,0,0,1,1,Food Poisoning
0,0,1,1,0,0,0,0,1,0,0,0,0,0,0,0,1,0,0,0,Migraine
0,0,1,1,0,0,0,0,1,0,0,0,0,0,0,0,1,0,0,0,Migraine
1,0,1,1,1,0,0,0,1,0,1,1,0,0,0,1,0,0,0,0,Typhoid
0,1,0,0,1,1,0,0,0,0,0,0,0,0,0,0,0,0,1,0,Common Cold
1,0,0,0,0,0,0,0,1,1,1,1,0,0,0,0,0,0,0,0,Gastroenteritis
0,0,1,1,0,0,0,0,1,0,0,0,0,0,0,0,1,0,0,0,Migraine
